은행명	지점명	주소
NH농협은행	간석지점	인천광역시 남동구 남동대로 898
NH농협은행	광명서지점	경기 광명시 광명로 829
NH농협은행	광명시지부	경기 광명시 철산로 32
NH농협은행	광명시청출장소	경기 광명시 시청로 20
NH농협은행	광명역지점	경기 광명시 덕안로104번길 17
NH농협은행	구월지점	인천광역시 남동구 용천로 87
NH농협은행	남동공단지점	인천광역시 남동구 능허대로 583
NH농협은행	도화센트럴지점	인천광역시 미추홀구 숙골로 (도하동 1006-4)  광장프라자 2층 NH농협은행 도화센트럴지점
NH농협은행	드림파크(출)	인천광역시 서구 자원순환로 170
NH농협은행	루원시티금융센터	인천 서구 봉오대로 255
NH농협은행	송림동지점	인천광역시 동구 송림로 98
NH농협은행	신포지점	인천광역시 중구 신포로 8
NH농협은행	신현동지점	인천광역시 서구 가정로 309
NH농협은행	옹진군청(출)	인천광역시 미추홀구 매소홀로 120
NH농협은행	인천가좌지점	인천광역시 서구 건지로 401
NH농협은행	인천논현금융센터	인천 남동구 논고개로 93
NH농협은행	인천시교육청(출)	인천광역시 남동구 정각로 9
NH농협은행	인천시청지점	인천광역시 남동구 정각로 29
NH농협은행	인천영업부	인천광역시 남동구 남동대로765번길 36
NH농협은행	인천옹진군지부지점	인천광역시 미추홀구 경인로 341
NH농협은행	인천지점	인천광역시 남동구 예술로 126
NH농협은행	주안지점	인천광역시 미추홀구 경원대로 768
NH농협은행	청라시티지점	인천광역시 서구 중봉대로 610
NH농협은행	청라호수공원지점	인천광역시 서구 청라루비로 99
SC제일은행	구월동지점	인천광역시 남동구 호구포로 818
SC제일은행	철산타운지점	경기 광명시 광덕산로 5
iM뱅크	인천영업부	인천광역시 서구 봉오재3로 120
국민은행	KTX광명역지점	경기 광명시 일직로 72
국민은행	가좌공단종합금융센터	인천광역시 서구 백범로 884
국민은행	광명사거리지점	경기 광명시 광명로 896
국민은행	구월동종합금융센터	인천광역시 남동구 예술로 118
국민은행	구월북지점	인천광역시 남동구 구월로 212
국민은행	남동공단종합금융센터	인천광역시 남동구 은청로 4-7
국민은행	동인천지점	인천광역시 중구 우현로 90
국민은행	만수6동지점	인천광역시 남동구 장승남로 61
국민은행	만수동(점)	인천광역시 남동구 백범로 124번길 7
국민은행	서인천종합금융센터	인천광역시 서구 탁옥로 58
국민은행	숭의동종합금융센터	인천광역시 미추홀구 경인로 59
국민은행	승기사랑(점)	인천광역시 미추홀구 경원대로 766
국민은행	시민공원역지점	인천광역시 미추홀구 경인로 372
국민은행	신현동지점	인천광역시 서구 가정로 394번길 1
국민은행	용현남종합금융센터	인천광역시 미추홀구 토금중로 1
국민은행	인천남동점	인천 남동구 호구포로 201
국민은행	인천논현지점	인천 남동구 논고개로123번길 17
국민은행	인천법원지점	인천 미추홀구 소성로163번길 17
국민은행	인하대역지점	인천광역시 미추홀구 독배로 311
국민은행	주안지점	인천광역시 남동구 경인로 530
국민은행	철산역종합금융센터	경기 광명시 철산로 15
국민은행	청라지점	인천광역시 서구 중봉대로586번길 22
국민은행	하안동지점	경기 광명시 범안로 1036
기업은행	가좌공단지점	인천광역시 서구 봉수대로 167
기업은행	광명역지점	경기 광명시 일직로 43
기업은행	광명지점	경기 광명시 철산로 28
기업은행	광명테크노지점	경기 광명시 하안로 60
기업은행	광명하안로지점	경기 광명시 하안로 287
기업은행	구월동	인천 남동구 선수촌공원로17번길 28
기업은행	남동2단지지점	인천광역시 남동구 앵고개로 526
기업은행	남동공단WM센터	인천광역시 남동구 은청로 30
기업은행	남동공단지점	인천광역시 남동구 남동대로239번길 72-19
기업은행	남동사랑지점	인천광역시 남동구 앵고개로 448
기업은행	남동산단미래	인천 남동구 호구포로 189
기업은행	남동산단비전	인천 남동구 남동대로 353
기업은행	남동인더스파크지점	인천광역시 남동구 은청로 30
기업은행	남동중앙지점	인천광역시 남동구 논현고잔로109번길 70-7
기업은행	만수동지점	인천광역시 남동구 백범로 173
기업은행	석남동지점	인천광역시 서구 거북로 89
기업은행	석암지점	인천광역시 미추홀구 경원대로 869
기업은행	인천논현	인천 남동구 논고개로123번길 35
기업은행	인천북항지점	인천광역시 서구 북항로32번안길 8
기업은행	인천산업유통센터지점	인천광역시 동구 방축로37번길 30
기업은행	인천서구청역지점	인천광역시 서구 서곶로 293
기업은행	인천서부산단지점	인천광역시 서구 호두산로 92
기업은행	인천지점	인천광역시 중구 개항로 35
기업은행	인천청라지점	인천광역시 서구 청라커낼로 252
기업은행	인천항지점	인천광역시 중구 서해대로 296
기업은행	주안공단중앙지점	인천 서구 가좌로 54
기업은행	주안공단지점	인천광역시 부평구 백범로577번길 20
기업은행	주안지점	인천광역시 미추홀구 주염로 58
남동농협	간석북지점	인천 남동구 구월로 60
남동농협	구월남지점	인천 남동구 남동대로 725
남동농협	논현지점	인천 남동구 논현로 145
남동농협	도화지점	인천 미추홀구 석정로 318
남동농협	만수지점	인천 남동구 백범로247번길 97
남동농협	미추홀지점	인천 미추홀구 석정로 455
남동농협	본점지점	인천 남동구 장승로 28
남동농협	서창남지점	인천 남동구 서창남순환로 223
남동농협	석암지점	인천 미추홀구 경원대로 845
남동농협	신간석지점	인천 남동구 백범로 342
남동농협	신기지점	인천 미추홀구 인하로 289
남동농협	오양지점	인천 남동구 만수로 35
남동농협	한화지점	인천 남동구 에코중앙로 152
남동농협	호구포지점	인천 남동구 호구포로 220
남인천농협	관교지점	인천 남구 주승로 228
남인천농협	남촌지점	인천 남동구 남촌동로25번길 43
남인천농협	백운지점	인천 남구 아암대로29번길 41
남인천농협	용남지점	인천 남구 낙섬중로 46
남인천농협	용현지점	인천 남구 독정이로 7
남인천농협	인하대역지점	인천 남구 용정공원로 33
남인천농협	학익지점	인천 남구 소성로 135
부산은행	인천남동공단지점	인천 남동구 은청로 9
산업은행	인천지점	인천 남동구 미래로 42
신한은행	가좌동지점	인천 서구 원적로 78
신한은행	간석동지점	인천 남동구 남동대로 880
신한은행	광명지점	경기 광명시 광명로 906
신한은행	구월로데오지점	인천 남동구 인하로489번길 4
신한은행	남동공단지점	인천 남동구 남동대로 217
신한은행	남동금융센터	인천 남동구 논현로46번길 51
신한은행	루원시티지점	인천 서구 봉오대로 255
신한은행	만수동지점	인천 남동구 담방로 45
신한은행	미추홀구청지점	인천 남구 독정이로 95
신한은행	송현동지점	인천 동구 중봉대로 100
신한은행	인천금융센터	인천 남구 경인로 391
신한은행	인천논현역지점	인천 남동구 논고개로 121
신한은행	인천동구청지점	인천 동구 금곡로 67
신한은행	인천상수도사업본부(출)	인천 미추홀구 석정로 225
신한은행	인천시청금융센터	인천 남동구 정각로 29
신한은행	인천영업부금융센터	인천 남동구 남동대로 776
신한은행	인천중구청지점	인천 중구 신포로 27번길 80
신한은행	인천중앙금융센터	인천 중구 신포로 28
신한은행	주안공단금융센터	인천 미추홀구 방축로 312
신한은행	주안남지점	인천 남구 인하로 280
신한은행	철산동지점	경기 광명시 철산로 36
신한은행	청라국제도시지점	인천 서구 중봉대로 588
신한은행	하안동지점	경기 광명시 범안로 1064
안양축산농협	광명지점	경기 광명시 광명로 834
안양축산농협	철산지점	경기 광명시 오리로 861
우리은행	가좌공단지점	인천광역시 동구 봉수대로85
우리은행	광명사거리역지점	경기 광명시 광명로 877
우리은행	광명역지점	경기 광명시 일직로 28
우리은행	광명지점	경기 광명시 오리로856번길 25
우리은행	구월동지점	인천광역시 남동구 인하로 507번길 1
우리은행	구월타운지점	인천광역시 남동구 인주대로 670
우리은행	국제성모병원(출)	인천광역시 서구 심곡로 100번길 25
우리은행	남동공단금융센터	인천광역시 남동구 남동대로 217
우리은행	만수동금융센터	인천광역시 남동구 호구포로 887
우리은행	석남동지점	인천광역시 서구 길주로 85
우리은행	인천논현역지점	인천 남동구 청능대로 583
우리은행	인천성모병원(출)	인천광역시 부평구 동수로 56
우리은행	인천지점	인천광역시 중구 우현로 76
우리은행	인천항금융센터	인천광역시 중구 서해대로 366
우리은행	주안공단지점	인천광역시 미추홀구 석정로 271
우리은행	주안서금융센터	인천광역시 미추홀구 제일로 22
우리은행	주안지점	인천광역시 미추홀구 경인로 434
우리은행	청라금융센터	인천광역시 서구 청라라임로 51
우리은행	하안동금융센터	경기 광명시 하안로 292
전북은행	구월동지점	인천 남동구 구월남로 172
하나은행	가좌동(출)	인천광역시 서구 원적로 100
하나은행	구월동지점	인천광역시 남동구 인하로 497-5
하나은행	남동기업센터	인천광역시 남동구 호구포로 194
하나은행	남동산단금융센터	인천광역시 남동구 남동대로239번길 96
하나은행	루원시티(출)	인천광역시 서구 가정로 406
하나은행	숭의동지점	인천광역시 남구 경인로 2
하나은행	인천금융센터	인천광역시 중구 제물량로 154
하나은행	인천논현지점	인천 남동구 청능대로 563
하나은행	인천법조타운지점	인천광역시 남구 소성로 189
하나은행	인천서구청지점	인천광역시 서구 서곶로 307
하나은행	인천지점	인천광역시 남구 미추홀대로 694
하나은행	인하대병원(출)	인천광역시 중구 인항로 27
하나은행	인하대지점	인천광역시 미추홀구 인하로 100
하나은행	주안공단지점	인천광역시 서구 장고개로 192
하나은행	주안지점	인천광역시 남구 경인로 463
하나은행	철산동지점	경기 광명시 철산로 16
하나은행	청라금융센터	인천광역시 서구 청라라임로 65
하나은행	하안동지점	경기 광명시 범안로 1049
